barcode,brand,colors,pattern,occasion,more_attributes,category,style,material,tops_fit,sleeve_type,tops_length,overclothes_closure,blazer_neckline_type,underarm_sleeve_length,neckline_type,sleeve_length,heels_height,overclothes_neckline_type,overclothes_type,waist_type,bottoms_length,skirt_type,skirt_length,bottoms_fit,jumpsuit_length,overclothes-sleeveless_type,poncho_type,slippers-shoe_type,sportswear_type,sweatshirt_type,tank_type,bottoms_type
tensor(50267401060101),Xandres Gold,,plain,casual,Not Known,trousers_and_chinos,casual,Not Known,Not Known,Not Known,Not Known,Not Known,Not Known,Not Known,Not Known,Not Known,Not Known,Not Known,Not Known,high-waist,full-length,Not Known,Not Known,slim-bottoms,Not Known,Not Known,Not Known,Not Known,Not Known,Not Known,Not Known,classic-trousers
tensor(50391201080101),Verpass,,plain,casual;dating;nightout,Not Known,skirt,casual,Not Known,Not Known,Not Known,Not Known,Not Known,Not Known,Not Known,Not Known,Not Known,Not Known,Not Known,Not Known,high-waist,Not Known,Not Known,Not Known,Not Known,Not Known,Not Known,Not Known,Not Known,Not Known,Not Known,Not Known,Not Known
tensor(49911501410101),Yoek,multicolor,,casual;dating,Not Known,dress,feminine,Not Known,Not Known,straight-sleeve,Not Known,Not Known,Not Known,Not Known,v-neck,3-4-sleeve,Not Known,Not Known,Not Known,Not Known,Not Known,a-line,midi,Not Known,Not Known,Not Known,Not Known,Not Known,Not Known,Not Known,Not Known,Not Known
tensor(49032503020101),Lyle & Scott,black,plain,casual,Not Known,Not Known,casual,cotton,regular-fit-tops,straight-sleeve,Not Known,Not Known,Not Known,Not Known,Not Known,long-sleeve,Not Known,Not Known,Not Known,Not Known,Not Known,Not Known,Not Known,Not Known,Not Known,Not Known,Not Known,Not Known,Not Known,Not Known,Not Known,Not Known
tensor(50558101050101),Mayerline,multicolor;white,floral;leaf,casual;dating,Not Known,Not Known,casual,Not Known,Not Known,Not Known,Not Known,Not Known,Not Known,Not Known,Not Known,Not Known,Not Known,Not Known,Not Known,Not Known,Not Known,a-line,midi,Not Known,Not Known,Not Known,Not Known,Not Known,Not Known,Not Known,Not Known,Not Known
tensor(48549801020101),Kocca,black,,casual;dating,Not Known,dress,casual,Not Known,Not Known,straight-sleeve,Not Known,Not Known,Not Known,Not Known,Not Known,Not Known,Not Known,Not Known,Not Known,Not Known,Not Known,Not Known,Not Known,Not Known,Not Known,Not Known,Not Known,Not Known,Not Known,Not Known,Not Known,Not Known
tensor(49032503020101),Lyle & Scott,black,plain,casual,Not Known,Not Known,casual,cotton,regular-fit-tops,straight-sleeve,Not Known,Not Known,Not Known,Not Known,Not Known,long-sleeve,Not Known,Not Known,Not Known,Not Known,Not Known,Not Known,Not Known,Not Known,Not Known,Not Known,Not Known,Not Known,Not Known,Not Known,Not Known,Not Known
tensor(49913701050101),Part Two,black,,casual,Not Known,Not Known,casual,Not Known,oversized-tops,straight-sleeve,Not Known,Not Known,Not Known,Not Known,Not Known,long-sleeve,Not Known,Not Known,Not Known,Not Known,Not Known,Not Known,Not Known,Not Known,Not Known,Not Known,Not Known,Not Known,Not Known,Not Known,Not Known,Not Known
tensor(51298802050101),Betty Barclay,,plain,casual,Not Known,Not Known,casual,cotton,regular-fit-tops,straight-sleeve,Not Known,Not Known,Not Known,Not Known,Not Known,long-sleeve,Not Known,Not Known,Not Known,Not Known,Not Known,Not Known,Not Known,Not Known,Not Known,Not Known,Not Known,Not Known,Not Known,Not Known,Not Known,Not Known
tensor(48614701040101),River Woods,multicolor,,casual;dating,Not Known,skirt,feminine,Not Known,Not Known,Not Known,Not Known,Not Known,Not Known,Not Known,Not Known,Not Known,Not Known,Not Known,Not Known,Not Known,Not Known,a-line,midi,Not Known,Not Known,Not Known,Not Known,Not Known,Not Known,Not Known,Not Known,Not Known
tensor(49246501030101),King Louie,black,,casual;dating,Not Known,Not Known,casual,Not Known,Not Known,Not Known,Not Known,Not Known,Not Known,Not Known,Not Known,Not Known,Not Known,Not Known,Not Known,Not Known,Not Known,a-line,midi,Not Known,Not Known,Not Known,Not Known,Not Known,Not Known,Not Known,Not Known,Not Known
tensor(47787901020101),MAC,,plain,casual,Not Known,trousers_and_chinos,casual,Not Known,Not Known,Not Known,Not Known,Not Known,Not Known,Not Known,Not Known,Not Known,Not Known,Not Known,Not Known,high-waist,3-4-long,Not Known,Not Known,slim-bottoms,Not Known,Not Known,Not Known,Not Known,Not Known,Not Known,Not Known,classic-trousers
tensor(48408701040101),Caroline Biss,,plain,casual;dating,Not Known,dress,casual,Not Known,Not Known,Not Known,Not Known,Not Known,Not Known,Not Known,Not Known,Not Known,Not Known,Not Known,Not Known,high-waist,Not Known,a-line,midi,Not Known,Not Known,Not Known,Not Known,Not Known,Not Known,Not Known,Not Known,Not Known
tensor(50565901040101),Caroline Biss,green,plain,casual,Not Known,Not Known,Not Known,Not Known,Not Known,Not Known,Not Known,Not Known,Not Known,Not Known,Not Known,Not Known,Not Known,Not Known,Not Known,Not Known,Not Known,Not Known,Not Known,Not Known,Not Known,Not Known,Not Known,Not Known,Not Known,Not Known,Not Known,Not Known
tensor(48609901080101),Via Appia Due,multicolor,,casual,Not Known,t-shirt,casual,cotton,regular-fit-tops,Not Known,short,Not Known,Not Known,Not Known,Not Known,Not Known,Not Known,Not Known,Not Known,Not Known,Not Known,Not Known,Not Known,Not Known,Not Known,Not Known,Not Known,Not Known,Not Known,Not Known,Not Known,Not Known
tensor(48730001050101),Betty Barclay,blue,,casual,buttons;cargo,Not Known,casual,Not Known,regular-fit-tops,straight-sleeve,short,buttons-closure,Not Known,long-sleeve,Not Known,Not Known,Not Known,Not Known,Not Known,Not Known,Not Known,Not Known,Not Known,Not Known,Not Known,Not Known,Not Known,Not Known,Not Known,Not Known,Not Known,Not Known
tensor(49107702040101),Caroline Biss,,vertical-stripes,casual;winter,Not Known,Not Known,casual,Not Known,oversized-tops,straight-sleeve,thigh-length,Not Known,Not Known,Not Known,v-neck,short-sleeve,Not Known,Not Known,Not Known,Not Known,Not Known,Not Known,Not Known,Not Known,Not Known,Not Known,Not Known,Not Known,Not Known,Not Known,Not Known,Not Known
tensor(50730001040101),Fabienne Chapot,multicolor,,casual,,Not Known,casual,Not Known,regular-fit-tops,straight-sleeve,short,Not Known,Not Known,Not Known,Not Known,long-sleeve,Not Known,Not Known,Not Known,Not Known,Not Known,Not Known,Not Known,Not Known,Not Known,Not Known,Not Known,Not Known,Not Known,Not Known,Not Known,Not Known
tensor(49587101030101),Smashed Lemon,multicolor,floral,casual;dating,Not Known,dress,feminine,Not Known,Not Known,straight-sleeve,Not Known,Not Known,Not Known,Not Known,v-neck,Not Known,Not Known,Not Known,Not Known,Not Known,Not Known,a-line,midi,Not Known,Not Known,Not Known,Not Known,Not Known,Not Known,Not Known,Not Known,Not Known
tensor(48045401040101),Gigue,multicolor;white,leaf,casual;dating;summer,Not Known,skirt,casual,Not Known,Not Known,Not Known,Not Known,Not Known,Not Known,Not Known,Not Known,Not Known,Not Known,Not Known,Not Known,high-waist,Not Known,a-line,midi,Not Known,Not Known,Not Known,Not Known,Not Known,Not Known,Not Known,Not Known,Not Known
tensor(47835101030101),Julia June,,plain,casual;dating,Not Known,skirt,feminine,Not Known,Not Known,Not Known,Not Known,Not Known,Not Known,Not Known,Not Known,Not Known,Not Known,Not Known,Not Known,high-waist,Not Known,a-line,midi,Not Known,Not Known,Not Known,Not Known,Not Known,Not Known,Not Known,Not Known,Not Known
tensor(48958001020101),Scotch & Soda,white,,casual,Not Known,Not Known,casual,cotton,Not Known,Not Known,Not Known,Not Known,Not Known,Not Known,Not Known,Not Known,Not Known,Not Known,Not Known,Not Known,Not Known,Not Known,Not Known,Not Known,Not Known,Not Known,Not Known,Not Known,Not Known,Not Known,Not Known,Not Known
tensor(50821601080101),Accent,multicolor;white,leaf,casual;dating;summer,Not Known,skirt,casual,Not Known,Not Known,Not Known,Not Known,Not Known,Not Known,Not Known,Not Known,Not Known,Not Known,Not Known,Not Known,high-waist,Not Known,a-line,midi,Not Known,Not Known,Not Known,Not Known,Not Known,Not Known,Not Known,Not Known,Not Known
tensor(50548101050101),Betty Barclay,multicolor,,casual,,Not Known,casual,Not Known,regular-fit-tops,straight-sleeve,short,Not Known,Not Known,Not Known,Not Known,long-sleeve,Not Known,Not Known,Not Known,Not Known,Not Known,Not Known,Not Known,Not Known,Not Known,Not Known,Not Known,Not Known,Not Known,Not Known,Not Known,Not Known
tensor(48618101020101),River Woods,multicolor,horizontal-stripes,casual,Not Known,Not Known,casual,Not Known,regular-fit-tops,straight-sleeve,short,Not Known,Not Known,Not Known,Not Known,long-sleeve,Not Known,Not Known,Not Known,Not Known,Not Known,Not Known,Not Known,Not Known,Not Known,Not Known,Not Known,Not Known,Not Known,Not Known,Not Known,Not Known
tensor(50315801030101),Heart Mind,,plain,casual,Not Known,trousers_and_chinos,casual,Not Known,Not Known,Not Known,Not Known,Not Known,Not Known,Not Known,Not Known,Not Known,Not Known,Not Known,Not Known,high-waist,Not Known,Not Known,Not Known,Not Known,Not Known,Not Known,Not Known,Not Known,Not Known,Not Known,Not Known,classic-trousers
tensor(50267401060101),Xandres Gold,,plain,casual,Not Known,trousers_and_chinos,casual,Not Known,Not Known,Not Known,Not Known,Not Known,Not Known,Not Known,Not Known,Not Known,Not Known,Not Known,Not Known,high-waist,full-length,Not Known,Not Known,slim-bottoms,Not Known,Not Known,Not Known,Not Known,Not Known,Not Known,Not Known,classic-trousers
tensor(50575001030101),Second Female,black,plain,casual;semi-formal,Not Known,trousers_and_chinos,casual,Not Known,Not Known,Not Known,Not Known,Not Known,Not Known,Not Known,Not Known,Not Known,Not Known,Not Known,Not Known,high-waist,full-length,Not Known,Not Known,Not Known,Not Known,Not Known,Not Known,Not Known,Not Known,Not Known,Not Known,classic-trousers
tensor(49929201040101),Joseph Ribkoff,black,,casual;semi-formal,Not Known,trousers_and_chinos,casual,Not Known,Not Known,Not Known,Not Known,Not Known,Not Known,Not Known,Not Known,Not Known,Not Known,Not Known,Not Known,mid-waist,full-length,Not Known,Not Known,slim-bottoms,Not Known,Not Known,Not Known,Not Known,Not Known,Not Known,Not Known,classic-trousers
tensor(49109301040101),Caroline Biss,blue;multicolor,floral;leaf,casual,Not Known,t-shirt,casual,Not Known,regular-fit-tops,Not Known,short,Not Known,Not Known,Not Known,Not Known,Not Known,Not Known,Not Known,Not Known,Not Known,Not Known,Not Known,Not Known,Not Known,Not Known,Not Known,Not Known,Not Known,Not Known,Not Known,Not Known,Not Known
tensor(49108101040101),Caroline Biss,,marled,casual;home-lounge;winter,Not Known,Not Known,casual,Not Known,oversized-tops,straight-sleeve,short,Not Known,Not Known,Not Known,Not Known,long-sleeve,Not Known,Not Known,Not Known,Not Known,Not Known,Not Known,Not Known,Not Known,Not Known,Not Known,Not Known,Not Known,Not Known,Not Known,Not Known,Not Known
tensor(47965901030101),Joseph Ribkoff,,plain,casual,,Not Known,casual,Not Known,regular-fit-tops,Not Known,short,Not Known,Not Known,Not Known,Not Known,Not Known,Not Known,Not Known,Not Known,Not Known,Not Known,Not Known,Not Known,Not Known,Not Known,Not Known,Not Known,Not Known,Not Known,Not Known,Not Known,Not Known
tensor(48745303030101),RAPHAELA by BRAX,multicolor,,casual,Not Known,Not Known,casual,Not Known,Not Known,Not Known,Not Known,Not Known,Not Known,Not Known,Not Known,Not Known,Not Known,Not Known,Not Known,high-waist,Not Known,Not Known,Not Known,Not Known,Not Known,Not Known,Not Known,Not Known,Not Known,Not Known,Not Known,Not Known
tensor(50424001030101),Tommy Hilfiger,white,,casual,Not Known,dress,casual,cotton,Not Known,Not Known,Not Known,Not Known,Not Known,Not Known,Not Known,Not Known,Not Known,Not Known,Not Known,Not Known,Not Known,Not Known,Not Known,Not Known,Not Known,Not Known,Not Known,Not Known,Not Known,Not Known,Not Known,Not Known
tensor(49761302050101),GERRY WEBER,ecru,plain,casual,,blouse,casual,cotton,regular-fit-tops,straight-sleeve,short,Not Known,Not Known,Not Known,Not Known,long-sleeve,Not Known,Not Known,Not Known,Not Known,Not Known,Not Known,Not Known,Not Known,Not Known,Not Known,Not Known,Not Known,Not Known,Not Known,Not Known,Not Known
tensor(51265801040101),Caroline Biss,multicolor,,casual,Not Known,trousers_and_chinos,casual,Not Known,Not Known,Not Known,Not Known,Not Known,Not Known,Not Known,Not Known,Not Known,Not Known,Not Known,Not Known,Not Known,full-length,Not Known,Not Known,slim-bottoms,Not Known,Not Known,Not Known,Not Known,Not Known,Not Known,Not Known,classic-trousers
tensor(50566401050101),Caroline Biss,multicolor,leaf,dating;summer,Not Known,skirt,casual,cotton,Not Known,Not Known,Not Known,Not Known,Not Known,Not Known,Not Known,Not Known,Not Known,Not Known,Not Known,Not Known,Not Known,a-line,midi,Not Known,Not Known,Not Known,Not Known,Not Known,Not Known,Not Known,Not Known,Not Known
tensor(49826101010301),Scotch & Soda,,plain,casual;semi-formal,Not Known,trousers_and_chinos,casual,Not Known,Not Known,Not Known,Not Known,Not Known,Not Known,Not Known,Not Known,Not Known,Not Known,Not Known,Not Known,high-waist,full-length,Not Known,Not Known,slim-bottoms,Not Known,Not Known,Not Known,Not Known,Not Known,Not Known,Not Known,classic-trousers
tensor(48522501030101),King Louie,,,casual,Not Known,t-shirt,casual,cotton,regular-fit-tops,Not Known,short,Not Known,Not Known,Not Known,Not Known,Not Known,Not Known,Not Known,Not Known,Not Known,Not Known,Not Known,Not Known,Not Known,Not Known,Not Known,Not Known,Not Known,Not Known,Not Known,Not Known,Not Known
tensor(50067601040101),Marc Cain Pants,navy,,casual,Not Known,jeans,casual,Not Known,Not Known,Not Known,Not Known,Not Known,Not Known,Not Known,Not Known,Not Known,Not Known,Not Known,Not Known,mid-waist,full-length,Not Known,Not Known,slim-bottoms,Not Known,Not Known,Not Known,Not Known,Not Known,Not Known,Not Known,Not Known
tensor(48786001050101),Rabe,multicolor,,casual;home-lounge,Not Known,sweater,casual,Not Known,regular-fit-tops,straight-sleeve,short,Not Known,Not Known,Not Known,crew-neck,long-sleeve,Not Known,Not Known,Not Known,Not Known,Not Known,Not Known,Not Known,Not Known,Not Known,Not Known,Not Known,Not Known,Not Known,Not Known,Not Known,Not Known
tensor(48357401080101),Xandres Gold,,plain,casual,Not Known,trousers_and_chinos,casual,Not Known,Not Known,Not Known,Not Known,Not Known,Not Known,Not Known,Not Known,Not Known,Not Known,Not Known,Not Known,high-waist,full-length,Not Known,Not Known,slim-bottoms,Not Known,Not Known,Not Known,Not Known,Not Known,Not Known,Not Known,classic-trousers
tensor(48759802040101),Marc Cain,,,casual,Not Known,Not Known,casual,Not Known,oversized-tops,straight-sleeve,short,Not Known,Not Known,Not Known,Not Known,long-sleeve,Not Known,Not Known,Not Known,Not Known,Not Known,Not Known,Not Known,Not Known,Not Known,Not Known,Not Known,Not Known,Not Known,Not Known,Not Known,Not Known
tensor(51050901050101),Rabe,white,,casual,,Not Known,casual,Not Known,regular-fit-tops,straight-sleeve,short,Not Known,Not Known,Not Known,Not Known,long-sleeve,Not Known,Not Known,Not Known,Not Known,Not Known,Not Known,Not Known,Not Known,Not Known,Not Known,Not Known,Not Known,Not Known,Not Known,Not Known,Not Known
tensor(50759301030101),CKS,multicolor,,casual;dating,Not Known,dress,feminine,Not Known,Not Known,straight-sleeve,Not Known,Not Known,Not Known,Not Known,v-neck,Not Known,Not Known,Not Known,Not Known,Not Known,Not Known,a-line,Not Known,Not Known,Not Known,Not Known,Not Known,Not Known,Not Known,Not Known,Not Known,Not Known
tensor(49022301020201),Tommy Hilfiger,,,casual;dating,Not Known,dress,casual,Not Known,Not Known,Not Known,Not Known,Not Known,Not Known,Not Known,Not Known,Not Known,Not Known,Not Known,Not Known,Not Known,Not Known,a-line,Not Known,Not Known,Not Known,Not Known,Not Known,Not Known,Not Known,Not Known,Not Known,Not Known
tensor(50415201050101),Joseph Ribkoff,,plain,casual,Not Known,Not Known,casual,Not Known,oversized-tops,dolman-sleeve,Not Known,Not Known,Not Known,Not Known,Not Known,long-sleeve,Not Known,Not Known,Not Known,Not Known,Not Known,Not Known,Not Known,Not Known,Not Known,Not Known,Not Known,Not Known,Not Known,Not Known,Not Known,Not Known
tensor(47949901020101),Fabienne Chapot,ecru,animals;text-print,casual,Not Known,t-shirt,casual,cotton,regular-fit-tops,Not Known,short,Not Known,Not Known,Not Known,crew-neck,Not Known,Not Known,Not Known,Not Known,Not Known,Not Known,Not Known,Not Known,Not Known,Not Known,Not Known,Not Known,Not Known,Not Known,Not Known,Not Known,Not Known
tensor(51215501020101),VERO MODA,black,vertical-stripes,casual,Not Known,Not Known,casual,cotton,Not Known,Not Known,Not Known,Not Known,Not Known,Not Known,Not Known,Not Known,Not Known,Not Known,Not Known,Not Known,Not Known,Not Known,Not Known,Not Known,Not Known,Not Known,Not Known,Not Known,Not Known,Not Known,Not Known,Not Known
tensor(48337601030101),Xandres,green,plain,casual,Not Known,dress,casual,Not Known,Not Known,straight-sleeve,Not Known,Not Known,Not Known,Not Known,Not Known,Not Known,Not Known,Not Known,Not Known,Not Known,Not Known,a-line,midi,Not Known,Not Known,Not Known,Not Known,Not Known,Not Known,Not Known,Not Known,Not Known
tensor(49181601030101),Xandres,,,casual;semi-formal,Not Known,trousers_and_chinos,Not Known,Not Known,Not Known,Not Known,Not Known,Not Known,Not Known,Not Known,Not Known,Not Known,Not Known,Not Known,Not Known,high-waist,full-length,Not Known,Not Known,Not Known,Not Known,Not Known,Not Known,Not Known,Not Known,Not Known,Not Known,classic-trousers
tensor(48173601040101),Street One,black,,casual,Not Known,Not Known,casual,cotton,regular-fit-tops,straight-sleeve,short,Not Known,Not Known,Not Known,Not Known,long-sleeve,Not Known,Not Known,Not Known,Not Known,Not Known,Not Known,Not Known,Not Known,Not Known,Not Known,Not Known,Not Known,Not Known,Not Known,Not Known,Not Known
tensor(48808802050101),Rabe,,plain,casual,Not Known,jeans,casual,Not Known,Not Known,Not Known,Not Known,Not Known,Not Known,Not Known,Not Known,Not Known,Not Known,Not Known,Not Known,mid-waist,full-length,Not Known,Not Known,slim-bottoms,Not Known,Not Known,Not Known,Not Known,Not Known,Not Known,Not Known,classic-trousers
tensor(49194501030101),Xandres,multicolor,,casual;dating,Not Known,dress,feminine,Not Known,Not Known,straight-sleeve,Not Known,Not Known,Not Known,Not Known,v-neck,3-4-sleeve,Not Known,Not Known,Not Known,Not Known,Not Known,a-line,Not Known,Not Known,Not Known,Not Known,Not Known,Not Known,Not Known,Not Known,Not Known,Not Known
tensor(48637104110101),Xandres Gold,,,casual;semi-formal,Not Known,trousers_and_chinos,casual,Not Known,Not Known,Not Known,Not Known,Not Known,Not Known,Not Known,Not Known,Not Known,Not Known,Not Known,Not Known,high-waist,full-length,Not Known,Not Known,slim-bottoms,Not Known,Not Known,Not Known,Not Known,Not Known,Not Known,Not Known,classic-trousers
tensor(50121202020101),Liu Jo Sport,,,casual;semi-formal,Not Known,trousers_and_chinos,casual,Not Known,Not Known,Not Known,Not Known,Not Known,Not Known,Not Known,Not Known,Not Known,Not Known,Not Known,Not Known,high-waist,full-length,Not Known,Not Known,Not Known,Not Known,Not Known,Not Known,Not Known,Not Known,Not Known,Not Known,classic-trousers
tensor(50889101080101),Frapp,ecru,plain,casual,,Not Known,casual,Not Known,regular-fit-tops,straight-sleeve,short,Not Known,Not Known,Not Known,Not Known,long-sleeve,Not Known,Not Known,Not Known,Not Known,Not Known,Not Known,Not Known,Not Known,Not Known,Not Known,Not Known,Not Known,Not Known,Not Known,Not Known,Not Known
tensor(50062301040101),Marc Cain,,plain,casual,buttons,Not Known,casual,Not Known,regular-fit-tops,straight-sleeve,short,Not Known,Not Known,Not Known,Not Known,long-sleeve,Not Known,Not Known,Not Known,Not Known,Not Known,Not Known,Not Known,Not Known,Not Known,Not Known,Not Known,Not Known,Not Known,Not Known,Not Known,Not Known
tensor(48534101060101),TONI,,,casual,Not Known,jeans,casual,Not Known,Not Known,Not Known,Not Known,Not Known,Not Known,Not Known,Not Known,Not Known,Not Known,Not Known,Not Known,high-waist,full-length,Not Known,Not Known,slim-bottoms,Not Known,Not Known,Not Known,Not Known,Not Known,Not Known,Not Known,Not Known
tensor(50792701020101),Geisha,,,home-lounge;winter,Not Known,sweater,casual,Not Known,Not Known,straight-sleeve,short,Not Known,Not Known,Not Known,Not Known,long-sleeve,Not Known,Not Known,Not Known,Not Known,Not Known,Not Known,Not Known,Not Known,Not Known,Not Known,Not Known,Not Known,Not Known,Not Known,Not Known,Not Known
tensor(48122101030101),Liu Jo,,plain,casual,Not Known,jeans,casual,Not Known,Not Known,Not Known,Not Known,Not Known,Not Known,Not Known,Not Known,Not Known,Not Known,Not Known,Not Known,mid-waist,full-length,Not Known,Not Known,slim-bottoms,Not Known,Not Known,Not Known,Not Known,Not Known,Not Known,Not Known,classic-trousers
tensor(48211105080101),Doris Streich,,plain,casual,Not Known,trousers_and_chinos,casual,Not Known,Not Known,Not Known,Not Known,Not Known,Not Known,Not Known,Not Known,Not Known,Not Known,Not Known,Not Known,high-waist,full-length,Not Known,Not Known,slim-bottoms,Not Known,Not Known,Not Known,Not Known,Not Known,Not Known,Not Known,classic-trousers
tensor(48534101060101),TONI,,,casual,Not Known,jeans,casual,Not Known,Not Known,Not Known,Not Known,Not Known,Not Known,Not Known,Not Known,Not Known,Not Known,Not Known,Not Known,high-waist,full-length,Not Known,Not Known,slim-bottoms,Not Known,Not Known,Not Known,Not Known,Not Known,Not Known,Not Known,Not Known
tensor(48928301020101),Guess,,plain,casual,,Not Known,casual,Not Known,regular-fit-tops,straight-sleeve,short,Not Known,Not Known,Not Known,Not Known,long-sleeve,Not Known,Not Known,Not Known,Not Known,Not Known,Not Known,Not Known,Not Known,Not Known,Not Known,Not Known,Not Known,Not Known,Not Known,Not Known,Not Known
tensor(49607101020101),ESPRIT,,marled,casual;home-lounge;winter,Not Known,sweater,casual,Not Known,oversized-tops,straight-sleeve,short,Not Known,Not Known,Not Known,Not Known,long-sleeve,Not Known,Not Known,Not Known,Not Known,Not Known,Not Known,Not Known,Not Known,Not Known,Not Known,Not Known,Not Known,Not Known,Not Known,Not Known,Not Known
tensor(48355401050101),Xandres Gold,multicolor,,dating,pleated,skirt,feminine,Not Known,Not Known,Not Known,Not Known,Not Known,Not Known,Not Known,Not Known,Not Known,Not Known,Not Known,Not Known,high-waist,Not Known,a-line,midi,Not Known,Not Known,Not Known,Not Known,Not Known,Not Known,Not Known,Not Known,Not Known
tensor(50196703050101),Bianca,,plain,casual;semi-formal,Not Known,trousers_and_chinos,casual,Not Known,Not Known,Not Known,Not Known,Not Known,Not Known,Not Known,Not Known,Not Known,Not Known,Not Known,Not Known,high-waist,full-length,Not Known,Not Known,Not Known,Not Known,Not Known,Not Known,Not Known,Not Known,Not Known,Not Known,classic-trousers
tensor(48409501040101),Caroline Biss,multicolor;white,leaf,casual;dating,Not Known,skirt,casual,Not Known,Not Known,Not Known,Not Known,Not Known,Not Known,Not Known,Not Known,Not Known,Not Known,Not Known,Not Known,Not Known,Not Known,a-line,midi,Not Known,Not Known,Not Known,Not Known,Not Known,Not Known,Not Known,Not Known,Not Known
tensor(44695806020101),BRAX,,,casual;semi-formal,Not Known,trousers_and_chinos,casual,Not Known,Not Known,Not Known,Not Known,Not Known,Not Known,Not Known,Not Known,Not Known,Not Known,Not Known,Not Known,high-waist,full-length,Not Known,Not Known,Not Known,Not Known,Not Known,Not Known,Not Known,Not Known,Not Known,Not Known,classic-trousers
tensor(48935101020101),NÃ¼mph,multicolor,horizontal-stripes,casual;home-lounge;winter,Not Known,sweater,casual,Not Known,regular-fit-tops,straight-sleeve,short,Not Known,Not Known,Not Known,crew-neck,long-sleeve,Not Known,Not Known,Not Known,Not Known,Not Known,Not Known,Not Known,Not Known,Not Known,Not Known,Not Known,Not Known,Not Known,Not Known,Not Known,Not Known
tensor(50799401020101),Tommy Hilfiger,,quilted,casual,,Not Known,casual,Not Known,regular-fit-tops,Not Known,Not Known,zipper-closure,Not Known,Not Known,Not Known,Not Known,Not Known,hooded,Not Known,Not Known,Not Known,Not Known,Not Known,Not Known,Not Known,Not Known,Not Known,Not Known,Not Known,Not Known,Not Known,Not Known
tensor(50198603050101),Bianca,multicolor,text-print,casual,Not Known,t-shirt,casual,cotton,regular-fit-tops,Not Known,short,Not Known,Not Known,Not Known,crew-neck,Not Known,Not Known,Not Known,Not Known,Not Known,Not Known,Not Known,Not Known,Not Known,Not Known,Not Known,Not Known,Not Known,Not Known,Not Known,Not Known,Not Known
tensor(50451901030101),March23,white,plain,casual,Not Known,Not Known,casual,Not Known,Not Known,Not Known,Not Known,Not Known,Not Known,Not Known,Not Known,Not Known,Not Known,Not Known,Not Known,Not Known,Not Known,Not Known,Not Known,Not Known,Not Known,Not Known,Not Known,Not Known,Not Known,Not Known,Not Known,Not Known
tensor(49113401030101),Liu Jo White Label,,,casual,Not Known,t-shirt,casual,cotton,regular-fit-tops,Not Known,short,Not Known,Not Known,Not Known,crew-neck,Not Known,Not Known,Not Known,Not Known,Not Known,Not Known,Not Known,Not Known,Not Known,Not Known,Not Known,Not Known,Not Known,Not Known,Not Known,Not Known,Not Known
tensor(49108101040101),Caroline Biss,,marled,casual;home-lounge;winter,Not Known,Not Known,casual,Not Known,oversized-tops,straight-sleeve,short,Not Known,Not Known,Not Known,Not Known,long-sleeve,Not Known,Not Known,Not Known,Not Known,Not Known,Not Known,Not Known,Not Known,Not Known,Not Known,Not Known,Not Known,Not Known,Not Known,Not Known,Not Known
tensor(49777503050101),GERRY WEBER EDITION,,plain,casual,Not Known,jeans,casual,Not Known,Not Known,Not Known,Not Known,Not Known,Not Known,Not Known,Not Known,Not Known,Not Known,Not Known,Not Known,Not Known,3-4-long,Not Known,Not Known,slim-bottoms,Not Known,Not Known,Not Known,Not Known,Not Known,Not Known,Not Known,Not Known
tensor(50090805020101),BRAX,,,casual,Not Known,trousers_and_chinos,casual,Not Known,Not Known,Not Known,Not Known,Not Known,Not Known,Not Known,Not Known,Not Known,Not Known,Not Known,Not Known,high-waist,full-length,Not Known,Not Known,slim-bottoms,Not Known,Not Known,Not Known,Not Known,Not Known,Not Known,Not Known,classic-trousers
tensor(51567201050101),GERRY WEBER,black,plain,casual;dating;semi-formal,Not Known,dress,feminine,Not Known,Not Known,straight-sleeve,Not Known,Not Known,Not Known,Not Known,Not Known,Not Known,Not Known,Not Known,Not Known,Not Known,Not Known,a-line,Not Known,Not Known,Not Known,Not Known,Not Known,Not Known,Not Known,Not Known,Not Known,Not Known
tensor(49246501030101),King Louie,black,,casual;dating,Not Known,Not Known,casual,Not Known,Not Known,Not Known,Not Known,Not Known,Not Known,Not Known,Not Known,Not Known,Not Known,Not Known,Not Known,Not Known,Not Known,a-line,midi,Not Known,Not Known,Not Known,Not Known,Not Known,Not Known,Not Known,Not Known,Not Known
tensor(50129501020101),Liu Jo White Label,,,casual,Not Known,t-shirt,casual,cotton,regular-fit-tops,Not Known,short,Not Known,Not Known,Not Known,Not Known,Not Known,Not Known,Not Known,Not Known,Not Known,Not Known,Not Known,Not Known,Not Known,Not Known,Not Known,Not Known,Not Known,Not Known,Not Known,Not Known,Not Known
tensor(49594702040101),Betty Barclay,,plain,casual,Not Known,t-shirt,casual,cotton,regular-fit-tops,Not Known,short,Not Known,Not Known,Not Known,Not Known,Not Known,Not Known,Not Known,Not Known,Not Known,Not Known,Not Known,Not Known,Not Known,Not Known,Not Known,Not Known,Not Known,Not Known,Not Known,Not Known,Not Known
tensor(49913701050101),Part Two,black,,casual,Not Known,Not Known,casual,Not Known,oversized-tops,straight-sleeve,Not Known,Not Known,Not Known,Not Known,Not Known,long-sleeve,Not Known,Not Known,Not Known,Not Known,Not Known,Not Known,Not Known,Not Known,Not Known,Not Known,Not Known,Not Known,Not Known,Not Known,Not Known,Not Known
tensor(43429208040101),Caroline Biss,black,plain,casual;semi-formal,Not Known,Not Known,casual,Not Known,Not Known,Not Known,Not Known,Not Known,Not Known,Not Known,Not Known,Not Known,Not Known,Not Known,Not Known,Not Known,Not Known,Not Known,Not Known,Not Known,Not Known,Not Known,Not Known,Not Known,Not Known,Not Known,Not Known,Not Known
tensor(48352601030101),Xandres,multicolor,,dating,Not Known,dress,feminine,Not Known,Not Known,straight-sleeve,Not Known,Not Known,Not Known,Not Known,v-neck,3-4-sleeve,Not Known,Not Known,Not Known,Not Known,Not Known,a-line,midi,Not Known,Not Known,Not Known,Not Known,Not Known,Not Known,Not Known,Not Known,Not Known
tensor(50782201050101),GERRY WEBER,multicolor;navy,,casual,,Not Known,casual,Not Known,regular-fit-tops,straight-sleeve,short,Not Known,Not Known,Not Known,crew-neck,long-sleeve,Not Known,Not Known,Not Known,Not Known,Not Known,Not Known,Not Known,Not Known,Not Known,Not Known,Not Known,Not Known,Not Known,Not Known,Not Known,Not Known
tensor(49631101040101),Street One,,plain,casual,,Not Known,casual,cotton,regular-fit-tops,straight-sleeve,short,Not Known,Not Known,Not Known,Not Known,long-sleeve,Not Known,Not Known,Not Known,Not Known,Not Known,Not Known,Not Known,Not Known,Not Known,Not Known,Not Known,Not Known,Not Known,Not Known,Not Known,Not Known
tensor(50088301100301),Street One,,plain,casual;semi-formal,Not Known,trousers_and_chinos,casual,Not Known,Not Known,Not Known,Not Known,Not Known,Not Known,Not Known,Not Known,Not Known,Not Known,Not Known,Not Known,high-waist,full-length,Not Known,Not Known,Not Known,Not Known,Not Known,Not Known,Not Known,Not Known,Not Known,Not Known,classic-trousers
tensor(50799401020101),Tommy Hilfiger,,quilted,casual,,Not Known,casual,Not Known,regular-fit-tops,Not Known,Not Known,zipper-closure,Not Known,Not Known,Not Known,Not Known,Not Known,hooded,Not Known,Not Known,Not Known,Not Known,Not Known,Not Known,Not Known,Not Known,Not Known,Not Known,Not Known,Not Known,Not Known,Not Known
tensor(51106901040101),Terre Bleue,,,casual,Not Known,Not Known,casual,Not Known,Not Known,straight-sleeve,Not Known,Not Known,Not Known,Not Known,Not Known,long-sleeve,Not Known,Not Known,Not Known,Not Known,Not Known,Not Known,Not Known,Not Known,Not Known,Not Known,Not Known,Not Known,Not Known,Not Known,Not Known,Not Known
tensor(47754402050101),GERRY WEBER,,,casual;office,buttons;cargo,blazer,business,Not Known,regular-fit-tops,straight-sleeve,Not Known,Not Known,Not Known,long-sleeve,Not Known,Not Known,Not Known,Not Known,Not Known,Not Known,Not Known,Not Known,Not Known,Not Known,Not Known,Not Known,Not Known,Not Known,Not Known,Not Known,Not Known,Not Known
tensor(50121501020101),Liu Jo Sport,,plain,casual,Not Known,t-shirt,casual,cotton,regular-fit-tops,Not Known,short,Not Known,Not Known,Not Known,Not Known,Not Known,Not Known,Not Known,Not Known,Not Known,Not Known,Not Known,Not Known,Not Known,Not Known,Not Known,Not Known,Not Known,Not Known,Not Known,Not Known,Not Known
tensor(51568901050101),GERRY WEBER,,plain,casual;dating;nightout;semi-formal,Not Known,trousers_and_chinos,casual,Not Known,Not Known,Not Known,Not Known,Not Known,Not Known,Not Known,Not Known,Not Known,Not Known,Not Known,Not Known,high-waist,full-length,Not Known,Not Known,straight-fit-bottoms,Not Known,Not Known,Not Known,Not Known,Not Known,Not Known,Not Known,classic-trousers
tensor(49767701050101),GERRY WEBER EDITION,multicolor,leaf,casual;dating,Not Known,dress,feminine,Not Known,Not Known,straight-sleeve,Not Known,Not Known,Not Known,Not Known,v-neck,3-4-sleeve,Not Known,Not Known,Not Known,Not Known,Not Known,a-line,Not Known,Not Known,Not Known,Not Known,Not Known,Not Known,Not Known,Not Known,Not Known,Not Known
tensor(49739401050101),Mayerline,,plain,casual;semi-formal,Not Known,trousers_and_chinos,casual,Not Known,Not Known,Not Known,Not Known,Not Known,Not Known,Not Known,Not Known,Not Known,Not Known,Not Known,Not Known,mid-waist,full-length,Not Known,Not Known,straight-fit-bottoms,Not Known,Not Known,Not Known,Not Known,Not Known,Not Known,Not Known,classic-trousers
tensor(48533403050101),TONI,ecru,,casual;semi-formal,Not Known,trousers_and_chinos,casual,Not Known,Not Known,Not Known,Not Known,Not Known,Not Known,Not Known,Not Known,Not Known,Not Known,Not Known,Not Known,high-waist,Not Known,Not Known,Not Known,slim-bottoms,Not Known,Not Known,Not Known,Not Known,Not Known,Not Known,Not Known,classic-trousers
tensor(48495801020101),BRAX,,,casual;semi-formal,Not Known,trousers_and_chinos,casual,Not Known,Not Known,Not Known,Not Known,Not Known,Not Known,Not Known,Not Known,Not Known,Not Known,Not Known,Not Known,high-waist,full-length,Not Known,Not Known,slim-bottoms,Not Known,Not Known,Not Known,Not Known,Not Known,Not Known,Not Known,classic-trousers
tensor(50062101040101),Marc Cain,,,casual;home-lounge,Not Known,sweater,casual,Not Known,oversized-tops,straight-sleeve,short,Not Known,Not Known,Not Known,Not Known,long-sleeve,Not Known,Not Known,Not Known,Not Known,Not Known,Not Known,Not Known,Not Known,Not Known,Not Known,Not Known,Not Known,Not Known,Not Known,Not Known,Not Known
tensor(48549801020101),Kocca,black,,casual;dating,Not Known,dress,casual,Not Known,Not Known,straight-sleeve,Not Known,Not Known,Not Known,Not Known,Not Known,Not Known,Not Known,Not Known,Not Known,Not Known,Not Known,Not Known,Not Known,Not Known,Not Known,Not Known,Not Known,Not Known,Not Known,Not Known,Not Known,Not Known
tensor(47751202050101),GERRY WEBER,,plain,casual,Not Known,trousers_and_chinos,casual,Not Known,Not Known,Not Known,Not Known,Not Known,Not Known,Not Known,Not Known,Not Known,Not Known,Not Known,Not Known,high-waist,full-length,Not Known,Not Known,slim-bottoms,Not Known,Not Known,Not Known,Not Known,Not Known,Not Known,Not Known,classic-trousers
tensor(50960601030101),CKS,,plain,casual;dating,Not Known,skirt,casual,Not Known,Not Known,Not Known,Not Known,Not Known,Not Known,Not Known,Not Known,Not Known,Not Known,Not Known,Not Known,high-waist,Not Known,a-line,midi,Not Known,Not Known,Not Known,Not Known,Not Known,Not Known,Not Known,Not Known,Not Known
tensor(48902401050101),Part Two,black,plain,casual;semi-formal,Not Known,trousers_and_chinos,casual,Not Known,Not Known,Not Known,Not Known,Not Known,Not Known,Not Known,Not Known,Not Known,Not Known,Not Known,Not Known,mid-waist,full-length,Not Known,Not Known,Not Known,Not Known,Not Known,Not Known,Not Known,Not Known,Not Known,Not Known,classic-trousers
tensor(50255901030101),Xandres,,plain,casual,Not Known,t-shirt,casual,cotton,regular-fit-tops,Not Known,short,Not Known,Not Known,Not Known,Not Known,Not Known,Not Known,Not Known,Not Known,Not Known,Not Known,Not Known,Not Known,Not Known,Not Known,Not Known,Not Known,Not Known,Not Known,Not Known,Not Known,Not Known
tensor(50683701050101),Part Two,multicolor,floral;leaf,casual;dating,Not Known,dress,feminine,Not Known,Not Known,Not Known,Not Known,Not Known,Not Known,Not Known,v-neck,Not Known,Not Known,Not Known,Not Known,Not Known,Not Known,a-line,midi,Not Known,Not Known,Not Known,Not Known,Not Known,Not Known,Not Known,Not Known,Not Known
tensor(48028201030101),Scotch & Soda,green,,casual,Not Known,Not Known,casual,Not Known,regular-fit-tops,straight-sleeve,short,Not Known,Not Known,Not Known,Not Known,long-sleeve,Not Known,Not Known,Not Known,Not Known,Not Known,Not Known,Not Known,Not Known,Not Known,Not Known,Not Known,Not Known,Not Known,Not Known,Not Known,Not Known
tensor(50339101040101),Caroline Biss,multicolor;white,leaf,casual;dating;summer,Not Known,skirt,casual,Not Known,Not Known,Not Known,Not Known,Not Known,Not Known,Not Known,Not Known,Not Known,Not Known,Not Known,Not Known,high-waist,Not Known,a-line,midi,Not Known,Not Known,Not Known,Not Known,Not Known,Not Known,Not Known,Not Known,Not Known
tensor(49861802020101),Tommy Hilfiger,,plain,casual,Not Known,Not Known,casual,cotton,regular-fit-tops,Not Known,Not Known,Not Known,Not Known,Not Known,Not Known,Not Known,Not Known,Not Known,Not Known,Not Known,Not Known,Not Known,Not Known,Not Known,Not Known,Not Known,Not Known,Not Known,Not Known,Not Known,Not Known,Not Known
tensor(51097301040101),Terre Bleue,,plain,casual,Not Known,Not Known,casual,cotton,regular-fit-tops,Not Known,Not Known,Not Known,Not Known,Not Known,Not Known,Not Known,Not Known,Not Known,Not Known,Not Known,Not Known,Not Known,Not Known,Not Known,Not Known,Not Known,Not Known,Not Known,Not Known,Not Known,Not Known,Not Known
tensor(51147902040101),Milestone,,quilted,casual,,jacket,casual,Not Known,regular-fit-tops,straight-sleeve,Not Known,Not Known,Not Known,long-sleeve,Not Known,Not Known,Not Known,hooded,Not Known,Not Known,Not Known,Not Known,Not Known,Not Known,Not Known,Not Known,Not Known,Not Known,Not Known,Not Known,Not Known,Not Known
tensor(50565901040101),Caroline Biss,green,plain,casual,Not Known,Not Known,Not Known,Not Known,Not Known,Not Known,Not Known,Not Known,Not Known,Not Known,Not Known,Not Known,Not Known,Not Known,Not Known,Not Known,Not Known,Not Known,Not Known,Not Known,Not Known,Not Known,Not Known,Not Known,Not Known,Not Known,Not Known,Not Known
tensor(50974701040101),Senso,multicolor,,casual,Not Known,Not Known,casual,Not Known,regular-fit-tops,straight-sleeve,short,Not Known,Not Known,Not Known,crew-neck,long-sleeve,Not Known,Not Known,Not Known,Not Known,Not Known,Not Known,Not Known,Not Known,Not Known,Not Known,Not Known,Not Known,Not Known,Not Known,Not Known,Not Known
tensor(48409501040101),Caroline Biss,multicolor;white,leaf,casual;dating,Not Known,skirt,casual,Not Known,Not Known,Not Known,Not Known,Not Known,Not Known,Not Known,Not Known,Not Known,Not Known,Not Known,Not Known,Not Known,Not Known,a-line,midi,Not Known,Not Known,Not Known,Not Known,Not Known,Not Known,Not Known,Not Known,Not Known
tensor(50058801040101),Marc Cain Sports,,,casual,,Not Known,casual,Not Known,regular-fit-tops,straight-sleeve,short,zipper-closure,Not Known,long-sleeve,Not Known,Not Known,Not Known,Not Known,Not Known,Not Known,Not Known,Not Known,Not Known,Not Known,Not Known,Not Known,Not Known,Not Known,Not Known,Not Known,Not Known,Not Known
tensor(51074801010101),RAPHAELA by BRAX,,,casual;semi-formal,Not Known,trousers_and_chinos,Not Known,Not Known,Not Known,Not Known,Not Known,Not Known,Not Known,Not Known,Not Known,Not Known,Not Known,Not Known,Not Known,high-waist,full-length,Not Known,Not Known,Not Known,Not Known,Not Known,Not Known,Not Known,Not Known,Not Known,Not Known,classic-trousers
tensor(50496701030101),Scotch & Soda,multicolor,floral;leaf,casual,Not Known,Not Known,casual,Not Known,Not Known,Not Known,short,Not Known,Not Known,Not Known,Not Known,long-sleeve,Not Known,Not Known,Not Known,Not Known,Not Known,Not Known,Not Known,Not Known,Not Known,Not Known,Not Known,Not Known,Not Known,Not Known,Not Known,Not Known
tensor(48284201020101),Second Female,multicolor,floral;leaf,casual;dating,Not Known,dress,feminine,Not Known,Not Known,straight-sleeve,Not Known,Not Known,Not Known,Not Known,v-neck,Not Known,Not Known,Not Known,Not Known,Not Known,Not Known,Not Known,Not Known,Not Known,Not Known,Not Known,Not Known,Not Known,Not Known,Not Known,Not Known,Not Known
tensor(49667901050101),Rabe,blue;multicolor,,casual,Not Known,Not Known,casual,Not Known,regular-fit-tops,straight-sleeve,short,Not Known,Not Known,Not Known,crew-neck,long-sleeve,Not Known,Not Known,Not Known,Not Known,Not Known,Not Known,Not Known,Not Known,Not Known,Not Known,Not Known,Not Known,Not Known,Not Known,Not Known,Not Known
tensor(49441802020101),Hampton Bays,multicolor,,casual,Not Known,Not Known,casual,Not Known,regular-fit-tops,straight-sleeve,short,Not Known,Not Known,Not Known,Not Known,long-sleeve,Not Known,Not Known,Not Known,Not Known,Not Known,Not Known,Not Known,Not Known,Not Known,Not Known,Not Known,Not Known,Not Known,Not Known,Not Known,Not Known
tensor(51308302020101),VERO MODA,white,,casual,,Not Known,casual,Not Known,regular-fit-tops,straight-sleeve,short,Not Known,Not Known,Not Known,Not Known,long-sleeve,Not Known,Not Known,Not Known,Not Known,Not Known,Not Known,Not Known,Not Known,Not Known,Not Known,Not Known,Not Known,Not Known,Not Known,Not Known,Not Known
tensor(48724201050101),GERRY WEBER,multicolor;white,,casual;dating,Not Known,skirt,Not Known,Not Known,Not Known,Not Known,Not Known,Not Known,Not Known,Not Known,Not Known,Not Known,Not Known,Not Known,Not Known,high-waist,Not Known,a-line,midi,Not Known,Not Known,Not Known,Not Known,Not Known,Not Known,Not Known,Not Known,Not Known
tensor(50424801020101),Tommy Hilfiger,,plain,casual,Not Known,Not Known,casual,cotton,regular-fit-tops,Not Known,Not Known,Not Known,Not Known,Not Known,Not Known,Not Known,Not Known,Not Known,Not Known,Not Known,Not Known,Not Known,Not Known,Not Known,Not Known,Not Known,Not Known,Not Known,Not Known,Not Known,Not Known,Not Known
tensor(48522501030101),King Louie,,,casual,Not Known,t-shirt,casual,cotton,regular-fit-tops,Not Known,short,Not Known,Not Known,Not Known,Not Known,Not Known,Not Known,Not Known,Not Known,Not Known,Not Known,Not Known,Not Known,Not Known,Not Known,Not Known,Not Known,Not Known,Not Known,Not Known,Not Known,Not Known
tensor(49441802020101),Hampton Bays,multicolor,,casual,Not Known,Not Known,casual,Not Known,regular-fit-tops,straight-sleeve,short,Not Known,Not Known,Not Known,Not Known,long-sleeve,Not Known,Not Known,Not Known,Not Known,Not Known,Not Known,Not Known,Not Known,Not Known,Not Known,Not Known,Not Known,Not Known,Not Known,Not Known,Not Known
tensor(48130301020101),Liu Jo Denim,,text-print,casual,Not Known,t-shirt,casual,cotton,regular-fit-tops,Not Known,short,Not Known,Not Known,Not Known,crew-neck,Not Known,Not Known,Not Known,Not Known,Not Known,Not Known,Not Known,Not Known,Not Known,Not Known,Not Known,Not Known,Not Known,Not Known,Not Known,Not Known,Not Known
tensor(51162801030101),Scotch & Soda,navy,,casual,buttons,Not Known,casual,Not Known,regular-fit-tops,straight-sleeve,short,Not Known,Not Known,Not Known,Not Known,long-sleeve,Not Known,Not Known,Not Known,Not Known,Not Known,Not Known,Not Known,Not Known,Not Known,Not Known,Not Known,Not Known,Not Known,Not Known,Not Known,Not Known
tensor(50965501050101),Rabe,multicolor,,casual,Not Known,Not Known,casual,Not Known,regular-fit-tops,straight-sleeve,short,Not Known,Not Known,Not Known,crew-neck,long-sleeve,Not Known,Not Known,Not Known,Not Known,Not Known,Not Known,Not Known,Not Known,Not Known,Not Known,Not Known,Not Known,Not Known,Not Known,Not Known,Not Known
tensor(50210402080101),Frapp,,,,buttons;cargo,Not Known,business,Not Known,regular-fit-tops,straight-sleeve,short,buttons-closure,Not Known,long-sleeve,Not Known,Not Known,Not Known,Not Known,Not Known,Not Known,Not Known,Not Known,Not Known,Not Known,Not Known,Not Known,Not Known,Not Known,Not Known,Not Known,Not Known,Not Known
tensor(49438603020101),Hampton Bays,,plain,casual,Not Known,trousers_and_chinos,casual,Not Known,Not Known,Not Known,Not Known,Not Known,Not Known,Not Known,Not Known,Not Known,Not Known,Not Known,Not Known,high-waist,full-length,Not Known,Not Known,slim-bottoms,Not Known,Not Known,Not Known,Not Known,Not Known,Not Known,Not Known,classic-trousers
tensor(50084603020101),RAPHAELA by BRAX,,plain,casual;semi-formal,Not Known,trousers_and_chinos,casual,Not Known,Not Known,Not Known,Not Known,Not Known,Not Known,Not Known,Not Known,Not Known,Not Known,Not Known,Not Known,high-waist,Not Known,Not Known,Not Known,slim-bottoms,Not Known,Not Known,Not Known,Not Known,Not Known,Not Known,Not Known,classic-trousers
tensor(49865101040101),Betty Barclay,ecru,plain,casual,Not Known,trousers_and_chinos,casual,Not Known,Not Known,Not Known,Not Known,Not Known,Not Known,Not Known,Not Known,Not Known,Not Known,Not Known,Not Known,high-waist,Not Known,Not Known,Not Known,Not Known,Not Known,Not Known,Not Known,Not Known,Not Known,Not Known,Not Known,classic-trousers
tensor(49530801030101),ESPRIT,,vertical-stripes,casual;home-lounge;winter,Not Known,sweater,casual,Not Known,oversized-tops,straight-sleeve,short,Not Known,Not Known,Not Known,Not Known,long-sleeve,Not Known,Not Known,Not Known,Not Known,Not Known,Not Known,Not Known,Not Known,Not Known,Not Known,Not Known,Not Known,Not Known,Not Known,Not Known,Not Known
tensor(50831501080101),Doris Streich,green;multicolor,leaf,casual,Not Known,Not Known,casual,Not Known,regular-fit-tops,straight-sleeve,short,Not Known,Not Known,Not Known,round-neck,Not Known,Not Known,Not Known,Not Known,Not Known,Not Known,Not Known,Not Known,Not Known,Not Known,Not Known,Not Known,Not Known,Not Known,Not Known,Not Known,Not Known
tensor(49460201030101),FAM the label,black,plain,casual;semi-formal,Not Known,trousers_and_chinos,casual,Not Known,Not Known,Not Known,Not Known,Not Known,Not Known,Not Known,Not Known,Not Known,Not Known,Not Known,Not Known,mid-waist,full-length,Not Known,Not Known,Not Known,Not Known,Not Known,Not Known,Not Known,Not Known,Not Known,Not Known,classic-trousers
tensor(50767001260101),Guess,,,casual,Not Known,jeans,casual,Not Known,Not Known,Not Known,Not Known,Not Known,Not Known,Not Known,Not Known,Not Known,Not Known,Not Known,Not Known,mid-waist,full-length,Not Known,Not Known,slim-bottoms,Not Known,Not Known,Not Known,Not Known,Not Known,Not Known,Not Known,Not Known
tensor(48806501040101),LeComte,multicolor,,casual,Not Known,Not Known,casual,Not Known,regular-fit-tops,straight-sleeve,short,Not Known,Not Known,Not Known,crew-neck,long-sleeve,Not Known,Not Known,Not Known,Not Known,Not Known,Not Known,Not Known,Not Known,Not Known,Not Known,Not Known,Not Known,Not Known,Not Known,Not Known,Not Known
tensor(50559403020101),BRAX,navy,,casual,Not Known,jeans,casual,Not Known,Not Known,Not Known,Not Known,Not Known,Not Known,Not Known,Not Known,Not Known,Not Known,Not Known,Not Known,mid-waist,full-length,Not Known,Not Known,slim-bottoms,Not Known,Not Known,Not Known,Not Known,Not Known,Not Known,Not Known,Not Known
tensor(48211105080101),Doris Streich,,plain,casual,Not Known,trousers_and_chinos,casual,Not Known,Not Known,Not Known,Not Known,Not Known,Not Known,Not Known,Not Known,Not Known,Not Known,Not Known,Not Known,high-waist,full-length,Not Known,Not Known,slim-bottoms,Not Known,Not Known,Not Known,Not Known,Not Known,Not Known,Not Known,classic-trousers
tensor(48088901070101),ONLY Carmakoma,,,casual;dating,Not Known,dress,feminine,Not Known,Not Known,straight-sleeve,Not Known,Not Known,Not Known,Not Known,v-neck,3-4-sleeve,Not Known,Not Known,Not Known,Not Known,Not Known,a-line,midi,Not Known,Not Known,Not Known,Not Known,Not Known,Not Known,Not Known,Not Known,Not Known
tensor(47798801050101),Betty Barclay,multicolor,floral;leaf,casual,Not Known,t-shirt,casual,Not Known,regular-fit-tops,Not Known,short,Not Known,Not Known,Not Known,round-neck,Not Known,Not Known,Not Known,Not Known,Not Known,Not Known,Not Known,Not Known,Not Known,Not Known,Not Known,Not Known,Not Known,Not Known,Not Known,Not Known,Not Known
tensor(48130301020101),Liu Jo Denim,,text-print,casual,Not Known,t-shirt,casual,cotton,regular-fit-tops,Not Known,short,Not Known,Not Known,Not Known,crew-neck,Not Known,Not Known,Not Known,Not Known,Not Known,Not Known,Not Known,Not Known,Not Known,Not Known,Not Known,Not Known,Not Known,Not Known,Not Known,Not Known,Not Known
tensor(49177701030101),Xandres,,,casual,buttons,jacket,casual,Not Known,regular-fit-tops,straight-sleeve,short,buttons-closure,Not Known,long-sleeve,Not Known,Not Known,Not Known,Not Known,Not Known,Not Known,Not Known,Not Known,Not Known,Not Known,Not Known,Not Known,Not Known,Not Known,Not Known,Not Known,Not Known,Not Known
tensor(48613802030101),River Woods,,plain,casual,Not Known,t-shirt,casual,cotton,regular-fit-tops,Not Known,cropped,Not Known,Not Known,Not Known,Not Known,Not Known,Not Known,Not Known,Not Known,Not Known,Not Known,Not Known,Not Known,Not Known,Not Known,Not Known,Not Known,Not Known,Not Known,Not Known,Not Known,Not Known
tensor(50391702080101),Verpass,,plain,casual,Not Known,t-shirt,casual,cotton,regular-fit-tops,Not Known,short,Not Known,Not Known,Not Known,Not Known,Not Known,Not Known,Not Known,Not Known,Not Known,Not Known,Not Known,Not Known,Not Known,Not Known,Not Known,Not Known,Not Known,Not Known,Not Known,Not Known,Not Known
tensor(50306401030101),King Louie,multicolor,floral;leaf,casual;dating,Not Known,dress,feminine,Not Known,Not Known,straight-sleeve,Not Known,Not Known,Not Known,Not Known,v-neck,Not Known,Not Known,Not Known,Not Known,Not Known,Not Known,a-line,midi,Not Known,Not Known,Not Known,Not Known,Not Known,Not Known,Not Known,Not Known,Not Known
tensor(49059001020101),ONLY,multicolor,,casual;dating,Not Known,dress,feminine,Not Known,Not Known,straight-sleeve,Not Known,Not Known,Not Known,Not Known,v-neck,3-4-sleeve,Not Known,Not Known,Not Known,Not Known,Not Known,a-line,midi,Not Known,Not Known,Not Known,Not Known,Not Known,Not Known,Not Known,Not Known,Not Known
tensor(51147902040101),Milestone,,quilted,casual,,jacket,casual,Not Known,regular-fit-tops,straight-sleeve,Not Known,Not Known,Not Known,long-sleeve,Not Known,Not Known,Not Known,hooded,Not Known,Not Known,Not Known,Not Known,Not Known,Not Known,Not Known,Not Known,Not Known,Not Known,Not Known,Not Known,Not Known,Not Known
tensor(44572004040101),Caroline Biss,,,casual;dating,Not Known,dress,feminine,Not Known,Not Known,straight-sleeve,Not Known,Not Known,Not Known,Not Known,v-neck,Not Known,Not Known,Not Known,Not Known,Not Known,Not Known,a-line,midi,Not Known,Not Known,Not Known,Not Known,Not Known,Not Known,Not Known,Not Known,Not Known
tensor(49460601030101),FAM the label,,plain,casual,Not Known,dress,casual,Not Known,Not Known,Not Known,Not Known,Not Known,Not Known,Not Known,Not Known,Not Known,Not Known,Not Known,Not Known,Not Known,Not Known,a-line,midi,Not Known,Not Known,Not Known,Not Known,Not Known,Not Known,Not Known,Not Known,Not Known
tensor(49593301040101),Betty Barclay,,plain,casual,Not Known,trousers_and_chinos,casual,Not Known,Not Known,Not Known,Not Known,Not Known,Not Known,Not Known,Not Known,Not Known,Not Known,Not Known,Not Known,high-waist,full-length,Not Known,Not Known,slim-bottoms,Not Known,Not Known,Not Known,Not Known,Not Known,Not Known,Not Known,classic-trousers
tensor(48637104110101),Xandres Gold,,,casual;semi-formal,Not Known,trousers_and_chinos,casual,Not Known,Not Known,Not Known,Not Known,Not Known,Not Known,Not Known,Not Known,Not Known,Not Known,Not Known,Not Known,high-waist,full-length,Not Known,Not Known,slim-bottoms,Not Known,Not Known,Not Known,Not Known,Not Known,Not Known,Not Known,classic-trousers
tensor(50000201080101),Doris Streich,ecru,plain,casual,Not Known,Not Known,casual,Not Known,Not Known,Not Known,Not Known,Not Known,Not Known,Not Known,Not Known,Not Known,Not Known,Not Known,Not Known,high-waist,3-4-long,Not Known,Not Known,slim-bottoms,Not Known,Not Known,Not Known,Not Known,Not Known,Not Known,Not Known,Not Known
tensor(48726901050101),GERRY WEBER,multicolor;white,,casual,Not Known,t-shirt,casual,cotton,regular-fit-tops,Not Known,short,Not Known,Not Known,Not Known,Not Known,Not Known,Not Known,Not Known,Not Known,Not Known,Not Known,Not Known,Not Known,Not Known,Not Known,Not Known,Not Known,Not Known,Not Known,Not Known,Not Known,Not Known
tensor(49528601080101),Frapp,multicolor,,casual;dating,Not Known,dress,feminine,Not Known,Not Known,straight-sleeve,Not Known,Not Known,Not Known,Not Known,v-neck,3-4-sleeve,Not Known,Not Known,Not Known,Not Known,Not Known,a-line,mini,Not Known,Not Known,Not Known,Not Known,Not Known,Not Known,Not Known,Not Known,Not Known
tensor(49109301040101),Caroline Biss,blue;multicolor,floral;leaf,casual,Not Known,t-shirt,casual,Not Known,regular-fit-tops,Not Known,short,Not Known,Not Known,Not Known,Not Known,Not Known,Not Known,Not Known,Not Known,Not Known,Not Known,Not Known,Not Known,Not Known,Not Known,Not Known,Not Known,Not Known,Not Known,Not Known,Not Known,Not Known
tensor(43429208040101),Caroline Biss,black,plain,casual;semi-formal,Not Known,Not Known,casual,Not Known,Not Known,Not Known,Not Known,Not Known,Not Known,Not Known,Not Known,Not Known,Not Known,Not Known,Not Known,Not Known,Not Known,Not Known,Not Known,Not Known,Not Known,Not Known,Not Known,Not Known,Not Known,Not Known,Not Known,Not Known
tensor(48378001080101),Verpass,black,,casual;dating;semi-formal,Not Known,Not Known,Not Known,Not Known,Not Known,straight-sleeve,Not Known,Not Known,Not Known,Not Known,Not Known,Not Known,Not Known,Not Known,Not Known,Not Known,Not Known,Not Known,Not Known,Not Known,Not Known,Not Known,Not Known,Not Known,Not Known,Not Known,Not Known,Not Known
tensor(48999502020101),VERO MODA,,,casual,buttons,Not Known,casual,Not Known,regular-fit-tops,straight-sleeve,thigh-length,Not Known,Not Known,long-sleeve,Not Known,Not Known,Not Known,Not Known,Not Known,Not Known,Not Known,Not Known,Not Known,Not Known,Not Known,Not Known,Not Known,Not Known,Not Known,Not Known,Not Known,Not Known
tensor(47965901030101),Joseph Ribkoff,,plain,casual,,Not Known,casual,Not Known,regular-fit-tops,Not Known,short,Not Known,Not Known,Not Known,Not Known,Not Known,Not Known,Not Known,Not Known,Not Known,Not Known,Not Known,Not Known,Not Known,Not Known,Not Known,Not Known,Not Known,Not Known,Not Known,Not Known,Not Known
tensor(51128401020101),Liu Jo Sport,,,casual;home-lounge,Not Known,Not Known,casual,Not Known,oversized-tops,dolman-sleeve,Not Known,Not Known,Not Known,Not Known,Not Known,long-sleeve,Not Known,Not Known,Not Known,Not Known,Not Known,Not Known,Not Known,Not Known,Not Known,Not Known,Not Known,Not Known,Not Known,Not Known,Not Known,Not Known
tensor(48284001020101),Second Female,multicolor;white,floral;leaf,casual;summer,Not Known,Not Known,casual,Not Known,Not Known,Not Known,Not Known,Not Known,Not Known,Not Known,Not Known,Not Known,Not Known,Not Known,Not Known,Not Known,Not Known,a-line,Not Known,Not Known,Not Known,Not Known,Not Known,Not Known,Not Known,Not Known,Not Known,Not Known
tensor(48225501020101),Superdry,,plain,casual,Not Known,Not Known,casual,cotton,regular-fit-tops,straight-sleeve,Not Known,Not Known,Not Known,Not Known,Not Known,long-sleeve,Not Known,Not Known,Not Known,Not Known,Not Known,Not Known,Not Known,Not Known,Not Known,Not Known,Not Known,Not Known,Not Known,Not Known,Not Known,Not Known
tensor(49528301080101),Frapp,multicolor,,,Not Known,Not Known,casual,Not Known,regular-fit-tops,straight-sleeve,short,Not Known,Not Known,Not Known,Not Known,long-sleeve,Not Known,Not Known,Not Known,Not Known,Not Known,Not Known,Not Known,Not Known,Not Known,Not Known,Not Known,Not Known,Not Known,Not Known,Not Known,Not Known
tensor(51083801030101),Guess,,plain,casual,Not Known,trousers_and_chinos,casual,Not Known,Not Known,Not Known,Not Known,Not Known,Not Known,Not Known,Not Known,Not Known,Not Known,Not Known,Not Known,mid-waist,Not Known,Not Known,Not Known,slim-bottoms,Not Known,Not Known,Not Known,Not Known,Not Known,Not Known,Not Known,Not Known
tensor(51108501040101),Terre Bleue,,plain,casual,Not Known,trousers_and_chinos,casual,Not Known,Not Known,Not Known,Not Known,Not Known,Not Known,Not Known,Not Known,Not Known,Not Known,Not Known,Not Known,mid-waist,full-length,Not Known,Not Known,slim-bottoms,Not Known,Not Known,Not Known,Not Known,Not Known,Not Known,Not Known,classic-trousers
tensor(50927201030101),BRAX,multicolor,,casual;home-lounge,Not Known,Not Known,casual,Not Known,regular-fit-tops,straight-sleeve,short,Not Known,Not Known,Not Known,crew-neck,long-sleeve,Not Known,Not Known,Not Known,Not Known,Not Known,Not Known,Not Known,Not Known,Not Known,Not Known,Not Known,Not Known,Not Known,Not Known,Not Known,Not Known
tensor(48799601050101),GERRY WEBER EDITION,multicolor,horizontal-stripes,casual;home-lounge,Not Known,Not Known,casual,Not Known,regular-fit-tops,straight-sleeve,short,Not Known,Not Known,Not Known,crew-neck,long-sleeve,Not Known,Not Known,Not Known,Not Known,Not Known,Not Known,Not Known,Not Known,Not Known,Not Known,Not Known,Not Known,Not Known,Not Known,Not Known,Not Known
tensor(43426804040101),Caroline Biss,black,plain,casual,Not Known,trousers_and_chinos,casual,Not Known,Not Known,Not Known,Not Known,Not Known,Not Known,Not Known,Not Known,Not Known,Not Known,Not Known,Not Known,mid-waist,full-length,Not Known,Not Known,slim-bottoms,Not Known,Not Known,Not Known,Not Known,Not Known,Not Known,Not Known,classic-trousers
tensor(50441301050101),LeComte,green;multicolor,leaf,casual,Not Known,Not Known,casual,Not Known,regular-fit-tops,straight-sleeve,short,Not Known,Not Known,Not Known,crew-neck,Not Known,Not Known,Not Known,Not Known,Not Known,Not Known,Not Known,Not Known,Not Known,Not Known,Not Known,Not Known,Not Known,Not Known,Not Known,Not Known,Not Known
tensor(50730001040101),Fabienne Chapot,multicolor,,casual,,Not Known,casual,Not Known,regular-fit-tops,straight-sleeve,short,Not Known,Not Known,Not Known,Not Known,long-sleeve,Not Known,Not Known,Not Known,Not Known,Not Known,Not Known,Not Known,Not Known,Not Known,Not Known,Not Known,Not Known,Not Known,Not Known,Not Known,Not Known
tensor(50756601040101),CKS,,plain,casual,Not Known,Not Known,casual,Not Known,Not Known,Not Known,Not Known,Not Known,Not Known,Not Known,Not Known,Not Known,Not Known,Not Known,Not Known,mid-waist,Not Known,Not Known,Not Known,Not Known,Not Known,Not Known,Not Known,Not Known,Not Known,Not Known,Not Known,Not Known
tensor(48040901050101),Gigue,multicolor,floral;leaf,casual;dating,Not Known,dress,feminine,Not Known,Not Known,Not Known,Not Known,Not Known,Not Known,Not Known,Not Known,Not Known,Not Known,Not Known,Not Known,Not Known,Not Known,a-line,midi,Not Known,Not Known,Not Known,Not Known,Not Known,Not Known,Not Known,Not Known,Not Known
tensor(46086704040101),Street One,,plain,casual,Not Known,Not Known,casual,cotton,regular-fit-tops,straight-sleeve,short,Not Known,Not Known,Not Known,Not Known,long-sleeve,Not Known,Not Known,Not Known,Not Known,Not Known,Not Known,Not Known,Not Known,Not Known,Not Known,Not Known,Not Known,Not Known,Not Known,Not Known,Not Known
tensor(51338303020101),Her.,,plain,casual;dating,Not Known,skirt,casual,Not Known,Not Known,Not Known,Not Known,Not Known,Not Known,Not Known,Not Known,Not Known,Not Known,Not Known,Not Known,high-waist,Not Known,a-line,midi,Not Known,Not Known,Not Known,Not Known,Not Known,Not Known,Not Known,Not Known,Not Known
tensor(49022301020201),Tommy Hilfiger,,,casual;dating,Not Known,dress,casual,Not Known,Not Known,Not Known,Not Known,Not Known,Not Known,Not Known,Not Known,Not Known,Not Known,Not Known,Not Known,Not Known,Not Known,a-line,Not Known,Not Known,Not Known,Not Known,Not Known,Not Known,Not Known,Not Known,Not Known,Not Known
tensor(48893001110101),Joseph Ribkoff,multicolor,floral;leaf,casual;dating,Not Known,dress,casual,Not Known,Not Known,straight-sleeve,Not Known,Not Known,Not Known,Not Known,Not Known,Not Known,Not Known,Not Known,Not Known,Not Known,Not Known,a-line,Not Known,Not Known,Not Known,Not Known,Not Known,Not Known,Not Known,Not Known,Not Known,Not Known
tensor(49615901040101),Street One,,,casual;dating,Not Known,dress,feminine,Not Known,Not Known,straight-sleeve,Not Known,Not Known,Not Known,Not Known,v-neck,3-4-sleeve,Not Known,Not Known,Not Known,Not Known,Not Known,a-line,midi,Not Known,Not Known,Not Known,Not Known,Not Known,Not Known,Not Known,Not Known,Not Known
tensor(50424801020101),Tommy Hilfiger,,plain,casual,Not Known,Not Known,casual,cotton,regular-fit-tops,Not Known,Not Known,Not Known,Not Known,Not Known,Not Known,Not Known,Not Known,Not Known,Not Known,Not Known,Not Known,Not Known,Not Known,Not Known,Not Known,Not Known,Not Known,Not Known,Not Known,Not Known,Not Known,Not Known
tensor(50129501020101),Liu Jo White Label,,,casual,Not Known,t-shirt,casual,cotton,regular-fit-tops,Not Known,short,Not Known,Not Known,Not Known,Not Known,Not Known,Not Known,Not Known,Not Known,Not Known,Not Known,Not Known,Not Known,Not Known,Not Known,Not Known,Not Known,Not Known,Not Known,Not Known,Not Known,Not Known
tensor(50756601040101),CKS,,plain,casual,Not Known,Not Known,casual,Not Known,Not Known,Not Known,Not Known,Not Known,Not Known,Not Known,Not Known,Not Known,Not Known,Not Known,Not Known,mid-waist,Not Known,Not Known,Not Known,Not Known,Not Known,Not Known,Not Known,Not Known,Not Known,Not Known,Not Known,Not Known
tensor(48216301080101),Doris Streich,,,casual,,Not Known,Not Known,Not Known,regular-fit-tops,straight-sleeve,short,Not Known,Not Known,Not Known,Not Known,Not Known,Not Known,Not Known,Not Known,Not Known,Not Known,Not Known,Not Known,Not Known,Not Known,Not Known,Not Known,Not Known,Not Known,Not Known,Not Known,Not Known
tensor(51265101040101),Caroline Biss,,,casual,Not Known,Not Known,casual,Not Known,regular-fit-tops,straight-sleeve,short,Not Known,Not Known,Not Known,Not Known,long-sleeve,Not Known,Not Known,Not Known,Not Known,Not Known,Not Known,Not Known,Not Known,Not Known,Not Known,Not Known,Not Known,Not Known,Not Known,Not Known,Not Known
tensor(50127401020101),Liu Jo White Label,white,,casual,Not Known,Not Known,casual,Not Known,oversized-tops,dolman-sleeve,Not Known,Not Known,Not Known,Not Known,boat-neck,long-sleeve,Not Known,Not Known,Not Known,Not Known,Not Known,Not Known,Not Known,Not Known,Not Known,Not Known,Not Known,Not Known,Not Known,Not Known,Not Known,Not Known
tensor(49528601080101),Frapp,multicolor,,casual;dating,Not Known,dress,feminine,Not Known,Not Known,straight-sleeve,Not Known,Not Known,Not Known,Not Known,v-neck,3-4-sleeve,Not Known,Not Known,Not Known,Not Known,Not Known,a-line,mini,Not Known,Not Known,Not Known,Not Known,Not Known,Not Known,Not Known,Not Known,Not Known
tensor(48284201020101),Second Female,multicolor,floral;leaf,casual;dating,Not Known,dress,feminine,Not Known,Not Known,straight-sleeve,Not Known,Not Known,Not Known,Not Known,v-neck,Not Known,Not Known,Not Known,Not Known,Not Known,Not Known,Not Known,Not Known,Not Known,Not Known,Not Known,Not Known,Not Known,Not Known,Not Known,Not Known,Not Known
tensor(49968401020101),ONLY,beige,plain,casual,,Not Known,casual,Not Known,Not Known,Not Known,Not Known,Not Known,Not Known,Not Known,Not Known,Not Known,Not Known,Not Known,Not Known,Not Known,Not Known,Not Known,Not Known,Not Known,Not Known,Not Known,Not Known,Not Known,Not Known,Not Known,Not Known,Not Known
tensor(43431103050101),Caroline Biss,multicolor,floral;leaf,casual;dating,Not Known,dress,casual,Not Known,Not Known,straight-sleeve,Not Known,Not Known,Not Known,Not Known,v-neck,3-4-sleeve,Not Known,Not Known,Not Known,Not Known,Not Known,a-line,Not Known,Not Known,Not Known,Not Known,Not Known,Not Known,Not Known,Not Known,Not Known,Not Known
tensor(48088101030101),Pepe Jeans,navy,vertical-stripes,casual;winter,Not Known,sweater,casual,Not Known,oversized-tops,straight-sleeve,short,Not Known,Not Known,Not Known,Not Known,long-sleeve,Not Known,Not Known,Not Known,Not Known,Not Known,Not Known,Not Known,Not Known,Not Known,Not Known,Not Known,Not Known,Not Known,Not Known,Not Known,Not Known
tensor(50128302040101),Liu Jo White Label,green,,casual,Not Known,Not Known,casual,cotton,oversized-tops,straight-sleeve,Not Known,Not Known,Not Known,Not Known,Not Known,long-sleeve,Not Known,Not Known,Not Known,Not Known,Not Known,Not Known,Not Known,Not Known,Not Known,Not Known,Not Known,Not Known,Not Known,Not Known,Not Known,Not Known
tensor(49840601030101),Rosemunde,ecru,plain,casual,Not Known,t-shirt,casual,cotton,regular-fit-tops,Not Known,short,Not Known,Not Known,Not Known,round-neck,Not Known,Not Known,Not Known,Not Known,Not Known,Not Known,Not Known,Not Known,Not Known,Not Known,Not Known,Not Known,Not Known,Not Known,Not Known,Not Known,Not Known
tensor(48357401080101),Xandres Gold,,plain,casual,Not Known,trousers_and_chinos,casual,Not Known,Not Known,Not Known,Not Known,Not Known,Not Known,Not Known,Not Known,Not Known,Not Known,Not Known,Not Known,high-waist,full-length,Not Known,Not Known,slim-bottoms,Not Known,Not Known,Not Known,Not Known,Not Known,Not Known,Not Known,classic-trousers
tensor(50090805020101),BRAX,,,casual,Not Known,trousers_and_chinos,casual,Not Known,Not Known,Not Known,Not Known,Not Known,Not Known,Not Known,Not Known,Not Known,Not Known,Not Known,Not Known,high-waist,full-length,Not Known,Not Known,slim-bottoms,Not Known,Not Known,Not Known,Not Known,Not Known,Not Known,Not Known,classic-trousers
tensor(49827602030101),Scotch & Soda,,,casual,Not Known,Not Known,casual,Not Known,oversized-tops,straight-sleeve,Not Known,Not Known,Not Known,Not Known,Not Known,long-sleeve,Not Known,Not Known,Not Known,Not Known,Not Known,Not Known,Not Known,Not Known,Not Known,Not Known,Not Known,Not Known,Not Known,Not Known,Not Known,Not Known
tensor(49022301020201),Tommy Hilfiger,,,casual;dating,Not Known,dress,casual,Not Known,Not Known,Not Known,Not Known,Not Known,Not Known,Not Known,Not Known,Not Known,Not Known,Not Known,Not Known,Not Known,Not Known,a-line,Not Known,Not Known,Not Known,Not Known,Not Known,Not Known,Not Known,Not Known,Not Known,Not Known
tensor(50424801020101),Tommy Hilfiger,,plain,casual,Not Known,Not Known,casual,cotton,regular-fit-tops,Not Known,Not Known,Not Known,Not Known,Not Known,Not Known,Not Known,Not Known,Not Known,Not Known,Not Known,Not Known,Not Known,Not Known,Not Known,Not Known,Not Known,Not Known,Not Known,Not Known,Not Known,Not Known,Not Known
tensor(48130801040101),Liu Jo Denim,,,casual,Not Known,Not Known,casual,Not Known,oversized-tops,Not Known,Not Known,Not Known,Not Known,Not Known,Not Known,long-sleeve,Not Known,Not Known,Not Known,Not Known,Not Known,Not Known,Not Known,Not Known,Not Known,Not Known,Not Known,Not Known,Not Known,Not Known,Not Known,Not Known
tensor(51108501040101),Terre Bleue,,plain,casual,Not Known,trousers_and_chinos,casual,Not Known,Not Known,Not Known,Not Known,Not Known,Not Known,Not Known,Not Known,Not Known,Not Known,Not Known,Not Known,mid-waist,full-length,Not Known,Not Known,slim-bottoms,Not Known,Not Known,Not Known,Not Known,Not Known,Not Known,Not Known,classic-trousers
tensor(48523101030101),King Louie,multicolor,,casual,Not Known,t-shirt,casual,cotton,regular-fit-tops,Not Known,short,Not Known,Not Known,Not Known,Not Known,Not Known,Not Known,Not Known,Not Known,Not Known,Not Known,Not Known,Not Known,Not Known,Not Known,Not Known,Not Known,Not Known,Not Known,Not Known,Not Known,Not Known
tensor(51298802050101),Betty Barclay,,plain,casual,Not Known,Not Known,casual,cotton,regular-fit-tops,straight-sleeve,Not Known,Not Known,Not Known,Not Known,Not Known,long-sleeve,Not Known,Not Known,Not Known,Not Known,Not Known,Not Known,Not Known,Not Known,Not Known,Not Known,Not Known,Not Known,Not Known,Not Known,Not Known,Not Known
tensor(48352601030101),Xandres,multicolor,,dating,Not Known,dress,feminine,Not Known,Not Known,straight-sleeve,Not Known,Not Known,Not Known,Not Known,v-neck,3-4-sleeve,Not Known,Not Known,Not Known,Not Known,Not Known,a-line,midi,Not Known,Not Known,Not Known,Not Known,Not Known,Not Known,Not Known,Not Known,Not Known
tensor(50768401020101),Guess,,,casual,buttons;cargo,Not Known,casual,Not Known,regular-fit-tops,straight-sleeve,short,buttons-closure,Not Known,long-sleeve,Not Known,Not Known,Not Known,Not Known,Not Known,Not Known,Not Known,Not Known,Not Known,Not Known,Not Known,Not Known,Not Known,Not Known,Not Known,Not Known,Not Known,Not Known
tensor(50917902020101),ONLY,black,vertical-stripes,casual;dating,Not Known,dress,Not Known,Not Known,Not Known,straight-sleeve,Not Known,Not Known,Not Known,Not Known,v-neck,Not Known,Not Known,Not Known,Not Known,Not Known,Not Known,Not Known,Not Known,Not Known,Not Known,Not Known,Not Known,Not Known,Not Known,Not Known,Not Known,Not Known
tensor(47923601010101),RAINKISS,multicolor,floral;leaf,casual;dating,Not Known,dress,feminine,Not Known,Not Known,straight-sleeve,Not Known,Not Known,Not Known,Not Known,v-neck,Not Known,Not Known,Not Known,Not Known,Not Known,Not Known,a-line,midi,Not Known,Not Known,Not Known,Not Known,Not Known,Not Known,Not Known,Not Known,Not Known
tensor(47935101020101),ONLY,multicolor,floral,casual;dating,Not Known,dress,feminine,Not Known,Not Known,straight-sleeve,Not Known,Not Known,Not Known,Not Known,v-neck,3-4-sleeve,Not Known,Not Known,Not Known,Not Known,Not Known,a-line,midi,Not Known,Not Known,Not Known,Not Known,Not Known,Not Known,Not Known,Not Known,Not Known
tensor(49840601030101),Rosemunde,ecru,plain,casual,Not Known,t-shirt,casual,cotton,regular-fit-tops,Not Known,short,Not Known,Not Known,Not Known,round-neck,Not Known,Not Known,Not Known,Not Known,Not Known,Not Known,Not Known,Not Known,Not Known,Not Known,Not Known,Not Known,Not Known,Not Known,Not Known,Not Known,Not Known
tensor(49775601050101),GERRY WEBER,multicolor,,casual;dating,Not Known,dress,feminine,Not Known,Not Known,straight-sleeve,Not Known,Not Known,Not Known,Not Known,v-neck,Not Known,Not Known,Not Known,Not Known,Not Known,Not Known,a-line,midi,Not Known,Not Known,Not Known,Not Known,Not Known,Not Known,Not Known,Not Known,Not Known
tensor(50756601040101),CKS,,plain,casual,Not Known,Not Known,casual,Not Known,Not Known,Not Known,Not Known,Not Known,Not Known,Not Known,Not Known,Not Known,Not Known,Not Known,Not Known,mid-waist,Not Known,Not Known,Not Known,Not Known,Not Known,Not Known,Not Known,Not Known,Not Known,Not Known,Not Known,Not Known
tensor(48788501050101),GERRY WEBER,,,casual,Not Known,Not Known,casual,cotton,regular-fit-tops,straight-sleeve,short,Not Known,Not Known,Not Known,Not Known,long-sleeve,Not Known,Not Known,Not Known,Not Known,Not Known,Not Known,Not Known,Not Known,Not Known,Not Known,Not Known,Not Known,Not Known,Not Known,Not Known,Not Known
tensor(50566401050101),Caroline Biss,multicolor,leaf,dating;summer,Not Known,skirt,casual,cotton,Not Known,Not Known,Not Known,Not Known,Not Known,Not Known,Not Known,Not Known,Not Known,Not Known,Not Known,Not Known,Not Known,a-line,midi,Not Known,Not Known,Not Known,Not Known,Not Known,Not Known,Not Known,Not Known,Not Known
tensor(48128201040101),Liu Jo Denim,multicolor,,casual,Not Known,t-shirt,casual,Not Known,regular-fit-tops,Not Known,short,Not Known,Not Known,Not Known,Not Known,Not Known,Not Known,Not Known,Not Known,Not Known,Not Known,Not Known,Not Known,Not Known,Not Known,Not Known,Not Known,Not Known,Not Known,Not Known,Not Known,Not Known
tensor(50565901040101),Caroline Biss,green,plain,casual,Not Known,Not Known,Not Known,Not Known,Not Known,Not Known,Not Known,Not Known,Not Known,Not Known,Not Known,Not Known,Not Known,Not Known,Not Known,Not Known,Not Known,Not Known,Not Known,Not Known,Not Known,Not Known,Not Known,Not Known,Not Known,Not Known,Not Known,Not Known
tensor(48961301020101),Scotch & Soda,,plain,casual;semi-formal,Not Known,trousers_and_chinos,Not Known,Not Known,Not Known,Not Known,Not Known,Not Known,Not Known,Not Known,Not Known,Not Known,Not Known,Not Known,Not Known,high-waist,full-length,Not Known,Not Known,Not Known,Not Known,Not Known,Not Known,Not Known,Not Known,Not Known,Not Known,classic-trousers
tensor(48801901050101),GERRY WEBER EDITION,navy,vertical-stripes,casual;winter,Not Known,sweater,casual,Not Known,oversized-tops,straight-sleeve,Not Known,Not Known,Not Known,Not Known,Not Known,Not Known,Not Known,Not Known,Not Known,Not Known,Not Known,Not Known,Not Known,Not Known,Not Known,Not Known,Not Known,Not Known,Not Known,Not Known,Not Known,Not Known
tensor(48372601080101),Verpass,multicolor,,casual;dating,Not Known,dress,feminine,Not Known,Not Known,straight-sleeve,Not Known,Not Known,Not Known,Not Known,v-neck,3-4-sleeve,Not Known,Not Known,Not Known,Not Known,Not Known,a-line,midi,Not Known,Not Known,Not Known,Not Known,Not Known,Not Known,Not Known,Not Known,Not Known
tensor(44572004040101),Caroline Biss,,,casual;dating,Not Known,dress,feminine,Not Known,Not Known,straight-sleeve,Not Known,Not Known,Not Known,Not Known,v-neck,Not Known,Not Known,Not Known,Not Known,Not Known,Not Known,a-line,midi,Not Known,Not Known,Not Known,Not Known,Not Known,Not Known,Not Known,Not Known,Not Known
tensor(49039701410101),Yoek,black,plain,casual;semi-formal,Not Known,trousers_and_chinos,casual,Not Known,Not Known,Not Known,Not Known,Not Known,Not Known,Not Known,Not Known,Not Known,Not Known,Not Known,Not Known,mid-waist,full-length,Not Known,Not Known,straight-fit-bottoms,Not Known,Not Known,Not Known,Not Known,Not Known,Not Known,Not Known,classic-trousers
tensor(50559403020101),BRAX,navy,,casual,Not Known,jeans,casual,Not Known,Not Known,Not Known,Not Known,Not Known,Not Known,Not Known,Not Known,Not Known,Not Known,Not Known,Not Known,mid-waist,full-length,Not Known,Not Known,slim-bottoms,Not Known,Not Known,Not Known,Not Known,Not Known,Not Known,Not Known,Not Known
tensor(50088301100301),Street One,,plain,casual;semi-formal,Not Known,trousers_and_chinos,casual,Not Known,Not Known,Not Known,Not Known,Not Known,Not Known,Not Known,Not Known,Not Known,Not Known,Not Known,Not Known,high-waist,full-length,Not Known,Not Known,Not Known,Not Known,Not Known,Not Known,Not Known,Not Known,Not Known,Not Known,classic-trousers
tensor(48882901050101),Mayerline,,plain,casual,Not Known,trousers_and_chinos,casual,Not Known,Not Known,Not Known,Not Known,Not Known,Not Known,Not Known,Not Known,Not Known,Not Known,Not Known,Not Known,mid-waist,full-length,Not Known,Not Known,slim-bottoms,Not Known,Not Known,Not Known,Not Known,Not Known,Not Known,Not Known,classic-trousers
tensor(48390602410101),Yoek,,plain,casual,Not Known,Not Known,casual,cotton,Not Known,straight-sleeve,Not Known,Not Known,Not Known,Not Known,Not Known,long-sleeve,Not Known,Not Known,Not Known,Not Known,Not Known,Not Known,Not Known,Not Known,Not Known,Not Known,Not Known,Not Known,Not Known,Not Known,Not Known,Not Known
tensor(49925001060101),Joseph Ribkoff,multicolor,floral;leaf,casual;dating,Not Known,dress,feminine,Not Known,Not Known,Not Known,Not Known,Not Known,Not Known,Not Known,v-neck,Not Known,Not Known,Not Known,Not Known,Not Known,Not Known,a-line,midi,Not Known,Not Known,Not Known,Not Known,Not Known,Not Known,Not Known,Not Known,Not Known
tensor(50221201040101),Fabienne Chapot,,plain,casual,Not Known,jeans,casual,Not Known,Not Known,Not Known,Not Known,Not Known,Not Known,Not Known,Not Known,Not Known,Not Known,Not Known,Not Known,mid-waist,full-length,Not Known,Not Known,slim-bottoms,Not Known,Not Known,Not Known,Not Known,Not Known,Not Known,Not Known,classic-trousers
tensor(49177701030101),Xandres,,,casual,buttons,jacket,casual,Not Known,regular-fit-tops,straight-sleeve,short,buttons-closure,Not Known,long-sleeve,Not Known,Not Known,Not Known,Not Known,Not Known,Not Known,Not Known,Not Known,Not Known,Not Known,Not Known,Not Known,Not Known,Not Known,Not Known,Not Known,Not Known,Not Known
tensor(48387701410101),Yoek,black,,casual,Not Known,Not Known,casual,cotton,regular-fit-tops,straight-sleeve,Not Known,Not Known,Not Known,Not Known,Not Known,long-sleeve,Not Known,Not Known,Not Known,Not Known,Not Known,Not Known,Not Known,Not Known,Not Known,Not Known,Not Known,Not Known,Not Known,Not Known,Not Known,Not Known
tensor(48961001020101),Scotch & Soda,multicolor,text-print,casual,Not Known,t-shirt,casual,Not Known,regular-fit-tops,Not Known,short,Not Known,Not Known,Not Known,crew-neck,Not Known,Not Known,Not Known,Not Known,Not Known,Not Known,Not Known,Not Known,Not Known,Not Known,Not Known,Not Known,Not Known,Not Known,Not Known,Not Known,Not Known
tensor(49774001050101),GERRY WEBER,multicolor;white,floral;leaf,casual;dating;summer,Not Known,skirt,casual,Not Known,Not Known,Not Known,Not Known,Not Known,Not Known,Not Known,Not Known,Not Known,Not Known,Not Known,Not Known,high-waist,Not Known,a-line,midi,Not Known,Not Known,Not Known,Not Known,Not Known,Not Known,Not Known,Not Known,Not Known
tensor(48352101020101),Xandres,,,casual,Not Known,t-shirt,casual,Not Known,oversized-tops,Not Known,Not Known,Not Known,Not Known,Not Known,boat-neck,Not Known,Not Known,Not Known,Not Known,Not Known,Not Known,Not Known,Not Known,Not Known,Not Known,Not Known,Not Known,Not Known,Not Known,Not Known,Not Known,Not Known
tensor(49250001030101),King Louie,,,casual,Not Known,Not Known,casual,Not Known,regular-fit-tops,Not Known,short,Not Known,Not Known,Not Known,Not Known,long-sleeve,Not Known,Not Known,Not Known,Not Known,Not Known,Not Known,Not Known,Not Known,Not Known,Not Known,Not Known,Not Known,Not Known,Not Known,Not Known,Not Known
tensor(49843001040101),NÃ¼mph,,plain,casual;semi-formal,Not Known,trousers_and_chinos,casual,Not Known,Not Known,Not Known,Not Known,Not Known,Not Known,Not Known,Not Known,Not Known,Not Known,Not Known,Not Known,high-waist,full-length,Not Known,Not Known,Not Known,Not Known,Not Known,Not Known,Not Known,Not Known,Not Known,Not Known,classic-trousers
tensor(48800601050101),GERRY WEBER EDITION,multicolor,,casual,Not Known,Not Known,casual,Not Known,regular-fit-tops,straight-sleeve,short,Not Known,Not Known,Not Known,Not Known,Not Known,Not Known,Not Known,Not Known,Not Known,Not Known,Not Known,Not Known,Not Known,Not Known,Not Known,Not Known,Not Known,Not Known,Not Known,Not Known,Not Known
tensor(50665601040101),Marc Cain,,plain,casual;semi-formal,buttons,Not Known,Not Known,Not Known,regular-fit-tops,straight-sleeve,Not Known,Not Known,Not Known,Not Known,Not Known,Not Known,Not Known,Not Known,Not Known,Not Known,Not Known,Not Known,Not Known,Not Known,Not Known,Not Known,Not Known,Not Known,Not Known,Not Known,Not Known,Not Known
tensor(48689201050101),Joseph Ribkoff,ecru,plain,casual,Not Known,t-shirt,casual,cotton,Not Known,Not Known,short,Not Known,Not Known,Not Known,Not Known,Not Known,Not Known,Not Known,Not Known,Not Known,Not Known,Not Known,Not Known,Not Known,Not Known,Not Known,Not Known,Not Known,Not Known,Not Known,Not Known,Not Known
tensor(50424001030101),Tommy Hilfiger,white,,casual,Not Known,dress,casual,cotton,Not Known,Not Known,Not Known,Not Known,Not Known,Not Known,Not Known,Not Known,Not Known,Not Known,Not Known,Not Known,Not Known,Not Known,Not Known,Not Known,Not Known,Not Known,Not Known,Not Known,Not Known,Not Known,Not Known,Not Known
tensor(49349902030101),River Woods,green,,casual,Not Known,Not Known,casual,cotton,regular-fit-tops,straight-sleeve,short,Not Known,Not Known,Not Known,Not Known,long-sleeve,Not Known,Not Known,Not Known,Not Known,Not Known,Not Known,Not Known,Not Known,Not Known,Not Known,Not Known,Not Known,Not Known,Not Known,Not Known,Not Known
tensor(49771601050101),GERRY WEBER EDITION,,,casual;semi-formal,Not Known,trousers_and_chinos,casual,Not Known,Not Known,Not Known,Not Known,Not Known,Not Known,Not Known,Not Known,Not Known,Not Known,Not Known,Not Known,high-waist,full-length,Not Known,Not Known,Not Known,Not Known,Not Known,Not Known,Not Known,Not Known,Not Known,Not Known,classic-trousers
tensor(49838001030101),Bloomings,blue;multicolor,leaf,casual,Not Known,t-shirt,casual,cotton,regular-fit-tops,Not Known,short,Not Known,Not Known,Not Known,round-neck,Not Known,Not Known,Not Known,Not Known,Not Known,Not Known,Not Known,Not Known,Not Known,Not Known,Not Known,Not Known,Not Known,Not Known,Not Known,Not Known,Not Known
tensor(49821001040101),Terre Bleue,multicolor,floral;leaf,casual;dating,Not Known,dress,feminine,Not Known,Not Known,Not Known,Not Known,Not Known,Not Known,Not Known,Not Known,Not Known,Not Known,Not Known,Not Known,Not Known,Not Known,a-line,midi,Not Known,Not Known,Not Known,Not Known,Not Known,Not Known,Not Known,Not Known,Not Known
tensor(48447402020101),Y.A.S,,plain,casual;dating;nightout,Not Known,trousers_and_chinos,casual,Not Known,Not Known,Not Known,Not Known,Not Known,Not Known,Not Known,Not Known,Not Known,Not Known,Not Known,Not Known,high-waist,full-length,Not Known,Not Known,Not Known,Not Known,Not Known,Not Known,Not Known,Not Known,Not Known,Not Known,classic-trousers
